{"validation/accuracy": 0.9307126696832579, "validation/precision": 0.9305645791670779, "validation/recall": 0.9307126696832579, "validation/f1_score": 0.9305984456336138, "_wandb": {"runtime": 212}}