{"validation/accuracy": 0.9292986425339367, "validation/precision": 0.9291602254379505, "validation/recall": 0.9292986425339367, "validation/f1_score": 0.9291879994018682, "_wandb": {"runtime": 2}}