{"validation/accuracy": 0.9321266968325792, "validation/precision": 0.932004169991149, "validation/recall": 0.9321266968325792, "validation/f1_score": 0.9320425399483326, "_wandb": {"runtime": 5}}