{"validation/accuracy": 0.9261877828054299, "validation/precision": 0.9262100778796746, "validation/recall": 0.9261877828054299, "validation/f1_score": 0.9261703502669398, "_wandb": {"runtime": 1}}