{"validation/accuracy": 0.9307126696832579, "validation/precision": 0.930623247181683, "validation/recall": 0.9307126696832579, "validation/f1_score": 0.9306229064101934, "_wandb": {"runtime": 9}}