{"validation/accuracy": 0.9343891402714932, "validation/precision": 0.9342462883596988, "validation/recall": 0.9343891402714932, "validation/f1_score": 0.9342918405199203, "_wandb": {"runtime": 9}}